session_id,vehicle_id,start_time,duration_min,energy_kWh,cost_inr
1,86,2024-08-15 11:00:00,162,58.2,508.63
2,1,2023-02-12 21:00:00,131,47.41,542.36
3,83,2023-02-13 16:00:00,121,64.12,643.65
4,35,2024-04-27 02:00:00,114,25.62,232.46
5,82,2024-02-24 10:00:00,74,33.37,371.01
6,137,2023-07-17 08:00:00,102,11.33,164.0
7,38,2024-05-21 22:00:00,77,13.82,198.25
8,10,2023-02-25 15:00:00,100,24.5,310.42
9,17,2024-02-28 19:00:00,51,65.46,716.78
10,13,2023-07-23 12:00:00,29,9.32,134.55
11,93,2023-11-08 23:00:00,85,66.87,757.32
12,57,2024-04-23 10:00:00,42,31.35,381.86
13,51,2023-09-30 02:00:00,152,42.08,390.2
14,26,2023-07-12 11:00:00,112,65.42,699.22
15,65,2023-01-18 09:00:00,125,42.38,423.2
16,46,2024-05-24 22:00:00,100,23.84,352.26
17,85,2024-07-01 03:00:00,151,44.4,639.88
18,84,2024-05-26 23:00:00,178,35.1,342.11
19,133,2024-07-18 08:00:00,133,71.35,742.12
20,93,2024-03-02 06:00:00,124,75.88,651.67
21,20,2023-12-10 08:00:00,116,73.48,736.42
22,125,2023-09-06 01:00:00,28,18.15,156.71
23,3,2023-04-05 22:00:00,44,38.99,337.23
24,99,2023-01-28 10:00:00,171,23.32,188.31
25,74,2023-02-26 12:00:00,120,41.15,454.47
26,95,2023-10-09 20:00:00,118,35.24,433.68
27,83,2023-03-11 05:00:00,79,59.97,825.48
28,38,2023-06-09 14:00:00,120,76.8,1123.7
29,63,2023-09-28 20:00:00,60,18.57,249.25
30,57,2023-11-19 07:00:00,84,12.78,126.51
31,27,2023-04-22 15:00:00,87,17.07,165.35
32,67,2024-01-02 10:00:00,36,47.56,559.46
33,39,2024-07-29 12:00:00,131,38.78,319.28
34,21,2023-08-30 03:00:00,28,21.66,313.26
35,47,2024-06-27 08:00:00,57,76.86,908.23
36,125,2023-02-06 11:00:00,144,12.33,122.02
37,25,2024-05-02 19:00:00,41,20.64,276.0
38,61,2024-02-03 05:00:00,112,43.64,513.85
39,36,2023-06-14 08:00:00,80,62.23,585.7
40,91,2023-04-24 05:00:00,162,6.71,63.82
41,58,2024-03-20 14:00:00,49,38.83,343.51
42,102,2023-07-15 05:00:00,53,36.15,528.23
43,74,2023-09-13 14:00:00,112,9.6,123.78
44,72,2024-06-04 05:00:00,75,53.43,539.5
45,149,2023-02-08 15:00:00,138,57.21,568.22
46,64,2024-08-23 23:00:00,95,57.53,761.14
47,55,2023-05-29 02:00:00,154,34.54,488.88
48,31,2024-06-14 09:00:00,173,29.94,276.31
49,78,2024-03-30 07:00:00,42,28.68,257.78
50,105,2024-02-27 17:00:00,152,75.42,951.71
51,141,2023-04-04 10:00:00,101,5.63,67.83
52,5,2024-01-25 01:00:00,116,78.4,689.33
53,122,2023-04-02 12:00:00,126,59.1,725.08
54,36,2023-05-24 14:00:00,116,77.1,943.16
55,147,2023-06-30 02:00:00,102,64.88,643.0
56,85,2023-11-02 03:00:00,156,52.55,679.25
57,150,2023-10-22 16:00:00,68,14.74,206.39
58,65,2023-07-07 11:00:00,142,37.94,367.28
59,148,2023-02-20 13:00:00,143,45.38,526.68
60,14,2023-01-29 15:00:00,83,25.65,367.76
61,76,2024-05-28 17:00:00,39,59.36,779.6
62,31,2023-02-12 22:00:00,165,13.66,120.79
63,136,2024-04-01 21:00:00,114,35.29,345.68
64,148,2024-05-08 12:00:00,129,6.39,64.14
65,58,2023-06-16 17:00:00,147,26.42,248.43
66,29,2024-06-10 17:00:00,21,61.64,740.05
67,96,2023-05-31 06:00:00,87,40.5,420.52
68,14,2024-01-19 09:00:00,135,38.22,466.21
69,36,2023-01-17 02:00:00,137,36.98,471.34
70,20,2023-03-14 08:00:00,154,37.94,396.75
71,129,2023-02-14 22:00:00,38,25.43,327.17
72,32,2024-04-18 06:00:00,173,34.88,347.17
73,148,2023-09-25 01:00:00,92,71.41,1063.35
74,49,2023-02-05 02:00:00,98,73.52,653.46
75,34,2023-10-04 00:00:00,84,47.85,691.26
76,41,2023-05-08 09:00:00,124,9.28,99.26
77,41,2023-09-10 22:00:00,118,26.99,386.35
78,8,2024-05-23 23:00:00,18,28.51,372.61
79,144,2024-08-04 19:00:00,80,47.98,635.06
80,25,2023-06-15 09:00:00,178,14.46,209.43
81,112,2023-09-03 17:00:00,133,18.07,161.29
82,123,2023-12-22 15:00:00,75,47.86,568.1
83,37,2024-07-25 15:00:00,22,11.96,102.3
84,68,2024-02-26 06:00:00,110,15.53,130.8
85,92,2024-02-02 22:00:00,79,45.01,568.32
86,94,2024-07-01 22:00:00,59,49.4,639.9
87,32,2024-03-03 18:00:00,122,71.06,640.68
88,55,2023-12-27 06:00:00,153,8.48,81.85
89,114,2024-01-14 05:00:00,100,14.86,169.06
90,17,2023-08-16 17:00:00,105,41.22,616.5
91,5,2024-01-21 23:00:00,69,23.21,294.16
92,132,2024-03-11 12:00:00,135,69.34,715.38
93,36,2023-08-17 13:00:00,163,39.09,552.67
94,81,2024-02-27 22:00:00,76,37.32,337.11
95,135,2024-06-27 08:00:00,121,56.87,798.96
96,76,2023-09-02 11:00:00,92,44.78,457.24
97,126,2023-05-01 01:00:00,85,74.81,1004.58
98,120,2023-08-18 16:00:00,90,20.92,261.57
99,50,2024-04-21 16:00:00,57,12.73,136.0
100,98,2024-04-22 07:00:00,17,43.77,436.49
101,63,2024-02-06 09:00:00,52,26.95,376.85
102,27,2023-06-10 23:00:00,145,28.33,321.99
103,21,2024-04-05 21:00:00,167,43.41,376.17
104,91,2024-04-14 06:00:00,124,73.97,617.18
105,128,2023-08-27 08:00:00,16,13.52,118.03
106,4,2023-09-01 19:00:00,152,25.21,291.74
107,146,2023-05-07 00:00:00,131,24.0,332.55
108,13,2023-07-05 15:00:00,88,8.91,119.35
109,43,2024-02-16 13:00:00,17,57.76,528.74
110,115,2024-04-21 13:00:00,153,77.17,898.93
111,120,2023-07-28 06:00:00,103,78.8,639.2
112,62,2024-03-06 19:00:00,161,60.4,635.84
113,121,2023-09-29 06:00:00,58,63.41,906.7
114,144,2024-03-10 23:00:00,55,72.49,717.34
115,89,2023-11-06 11:00:00,166,46.06,648.76
116,25,2023-11-08 09:00:00,53,16.03,224.14
117,80,2023-07-28 07:00:00,171,76.37,924.8
118,63,2024-02-03 22:00:00,150,73.21,923.89
119,146,2024-03-26 06:00:00,73,31.11,333.42
120,37,2024-03-16 04:00:00,63,20.54,266.04
121,47,2023-06-02 08:00:00,51,41.26,487.76
122,66,2024-05-02 07:00:00,125,57.75,505.04
123,28,2023-05-03 01:00:00,165,62.61,513.13
124,53,2023-12-25 12:00:00,148,31.5,359.98
125,35,2024-05-27 13:00:00,57,29.18,364.89
126,29,2023-08-31 10:00:00,34,73.66,836.12
127,76,2023-01-11 08:00:00,72,18.75,248.21
128,27,2023-10-03 19:00:00,98,6.73,67.91
129,4,2024-03-25 19:00:00,37,60.19,546.68
130,106,2024-02-05 06:00:00,175,53.87,458.43
131,126,2023-04-19 18:00:00,21,37.03,305.94
132,135,2023-03-27 22:00:00,89,13.78,163.53
133,24,2024-07-29 07:00:00,180,11.34,92.55
134,119,2023-03-06 21:00:00,88,37.77,555.18
135,49,2024-05-30 11:00:00,55,28.64,380.34
136,45,2023-05-28 07:00:00,159,62.82,746.81
137,74,2024-08-06 20:00:00,77,63.82,620.54
138,23,2023-01-04 01:00:00,121,14.93,162.79
139,132,2024-07-16 17:00:00,96,11.4,110.65
140,86,2024-08-10 06:00:00,37,60.62,838.24
141,36,2024-04-12 01:00:00,25,48.92,687.61
142,64,2024-01-23 01:00:00,147,50.98,707.33
143,24,2024-04-03 16:00:00,30,7.18,81.52
144,19,2023-04-13 05:00:00,154,28.96,405.63
145,61,2024-01-11 02:00:00,125,64.41,914.67
146,23,2024-08-13 13:00:00,172,46.91,404.9
147,147,2024-06-29 12:00:00,37,72.81,1005.78
148,93,2024-08-17 15:00:00,163,68.56,785.33
149,66,2024-02-23 12:00:00,164,64.33,799.51
150,9,2024-03-17 16:00:00,115,26.44,395.63
151,24,2023-12-17 23:00:00,127,7.41,90.94
152,23,2023-04-22 23:00:00,77,33.54,339.92
153,114,2023-11-25 16:00:00,33,21.55,256.2
154,104,2023-03-28 18:00:00,130,65.01,929.44
155,23,2023-07-07 04:00:00,55,26.28,320.94
156,70,2023-11-24 15:00:00,54,77.06,1075.44
157,46,2023-09-23 14:00:00,177,27.28,310.76
158,148,2023-01-23 06:00:00,165,47.58,641.34
159,30,2023-02-28 08:00:00,95,72.87,724.92
160,140,2024-08-22 00:00:00,113,15.7,138.66
161,150,2023-02-22 15:00:00,180,37.07,314.67
162,77,2024-05-09 21:00:00,179,70.14,825.46
163,107,2024-04-10 02:00:00,61,14.88,170.97
164,144,2023-07-31 14:00:00,71,7.02,61.16
165,22,2023-05-27 04:00:00,61,48.98,487.0
166,142,2023-05-29 06:00:00,49,16.86,163.1
167,46,2023-03-24 01:00:00,122,35.89,331.19
168,57,2024-02-06 19:00:00,174,19.42,198.35
169,40,2023-09-25 18:00:00,35,26.51,387.51
170,150,2024-08-14 21:00:00,30,20.09,198.27
171,34,2023-03-02 04:00:00,148,53.71,761.97
172,90,2024-04-12 10:00:00,105,75.65,845.21
173,136,2023-06-10 22:00:00,135,71.28,886.88
174,22,2024-05-06 22:00:00,61,21.54,309.93
175,148,2023-11-02 21:00:00,149,77.49,1117.65
176,47,2024-04-22 18:00:00,168,73.65,671.55
177,28,2023-04-02 02:00:00,91,79.42,937.91
178,121,2023-05-05 05:00:00,131,48.86,627.09
179,53,2023-05-09 16:00:00,76,31.5,307.54
180,61,2023-09-20 20:00:00,20,8.63,127.55
181,45,2024-03-14 14:00:00,164,70.68,944.68
182,126,2023-07-03 08:00:00,25,67.36,561.39
183,79,2023-07-25 23:00:00,81,12.39,140.59
184,77,2023-08-15 10:00:00,163,57.67,649.71
185,121,2024-05-05 22:00:00,160,7.5,93.25
186,68,2023-08-26 06:00:00,94,59.35,540.52
187,40,2024-06-10 11:00:00,53,69.94,612.3
188,114,2023-12-25 19:00:00,167,18.2,199.5
189,95,2024-08-15 03:00:00,64,50.08,670.18
190,92,2024-07-17 16:00:00,65,30.55,325.75
191,36,2024-02-04 18:00:00,165,68.32,549.26
192,84,2023-04-06 01:00:00,38,56.54,657.1
193,17,2024-05-14 23:00:00,104,79.89,1098.13
194,137,2024-03-20 08:00:00,64,5.29,59.89
195,18,2023-05-18 12:00:00,68,20.48,270.54
196,92,2023-04-18 20:00:00,74,15.49,152.84
197,105,2023-09-02 07:00:00,69,10.11,85.05
198,142,2024-04-23 03:00:00,126,68.29,838.94
199,98,2024-03-16 16:00:00,86,14.59,151.58
200,79,2023-12-13 10:00:00,177,39.78,542.93
201,82,2023-02-01 03:00:00,92,14.82,148.5
202,66,2024-03-24 01:00:00,74,23.97,241.57
203,69,2023-08-02 04:00:00,79,53.84,789.01
204,94,2023-08-06 12:00:00,112,74.84,919.76
205,44,2023-02-03 18:00:00,121,14.61,162.64
206,145,2024-04-15 09:00:00,38,44.65,404.52
207,66,2023-10-10 20:00:00,174,10.9,104.54
208,120,2023-11-10 20:00:00,39,30.33,323.83
209,136,2023-07-05 10:00:00,107,58.47,524.99
210,29,2023-04-16 11:00:00,73,42.43,587.87
211,62,2023-06-30 11:00:00,145,25.33,373.22
212,100,2024-01-04 17:00:00,37,44.06,635.94
213,47,2023-02-28 02:00:00,163,38.54,410.33
214,23,2023-06-23 13:00:00,125,54.6,804.42
215,134,2023-03-19 22:00:00,159,30.07,241.68
216,121,2024-04-03 22:00:00,159,18.5,174.59
217,105,2023-05-03 20:00:00,174,75.12,1075.85
218,33,2023-07-30 08:00:00,139,30.22,261.79
219,92,2023-08-28 00:00:00,24,7.81,106.05
220,38,2024-03-15 17:00:00,179,76.35,747.75
221,71,2023-10-20 17:00:00,93,23.08,214.2
222,125,2024-07-06 03:00:00,101,67.97,647.8
223,82,2024-06-09 04:00:00,157,49.6,545.72
224,28,2024-01-21 02:00:00,46,22.82,299.03
225,82,2023-05-05 07:00:00,23,76.07,775.31
226,119,2023-11-15 06:00:00,150,60.9,534.85
227,19,2023-02-21 21:00:00,143,46.46,470.2
228,32,2024-05-03 14:00:00,28,9.72,127.05
229,70,2023-02-18 07:00:00,132,34.54,512.04
230,47,2024-05-18 19:00:00,48,16.24,142.53
231,107,2023-06-04 10:00:00,110,42.26,393.39
232,56,2023-10-01 14:00:00,83,70.0,581.21
233,81,2024-08-06 02:00:00,124,76.4,1049.71
234,39,2024-05-09 08:00:00,34,12.89,143.26
235,103,2023-02-24 22:00:00,29,24.91,356.73
236,90,2024-02-26 02:00:00,39,47.18,669.22
237,53,2023-04-19 00:00:00,137,36.72,463.94
238,145,2023-08-14 04:00:00,103,51.8,615.72
239,72,2024-05-14 12:00:00,121,61.02,666.22
240,39,2024-06-14 15:00:00,95,40.94,427.99
241,111,2023-11-24 04:00:00,18,78.25,746.39
242,28,2023-08-20 17:00:00,35,8.54,68.78
243,88,2023-11-07 05:00:00,126,41.55,445.22
244,97,2024-06-16 07:00:00,115,6.36,63.93
245,82,2024-03-28 00:00:00,46,15.44,131.29
246,109,2024-06-04 15:00:00,53,53.14,497.67
247,145,2023-08-07 19:00:00,72,74.09,913.96
248,95,2023-09-16 07:00:00,39,36.19,439.97
249,95,2023-11-25 09:00:00,172,21.09,181.49
250,120,2023-07-02 12:00:00,75,15.41,142.59
251,124,2023-04-30 10:00:00,122,33.06,489.68
252,131,2024-04-08 00:00:00,70,71.65,749.84
253,13,2023-01-31 02:00:00,40,27.83,388.91
254,112,2024-03-08 05:00:00,142,21.53,267.48
255,130,2024-07-19 19:00:00,122,14.0,114.36
256,77,2023-12-27 19:00:00,121,7.45,109.7
257,149,2024-08-20 01:00:00,161,56.59,532.67
258,83,2023-01-11 21:00:00,147,40.78,580.64
259,5,2023-12-29 14:00:00,96,25.67,308.77
260,79,2023-09-22 11:00:00,103,47.44,436.94
261,115,2024-03-16 22:00:00,102,29.56,267.93
262,66,2023-05-12 20:00:00,121,41.74,433.29
263,58,2023-12-21 13:00:00,84,28.56,382.57
264,118,2023-07-11 00:00:00,127,54.56,529.48
265,82,2024-05-04 08:00:00,135,8.01,103.65
266,59,2023-09-20 13:00:00,60,56.63,477.49
267,55,2024-01-07 07:00:00,31,75.95,868.95
268,81,2023-12-06 11:00:00,132,47.85,643.82
269,15,2024-02-15 14:00:00,136,64.9,616.48
270,37,2024-02-17 23:00:00,165,42.25,376.65
271,55,2023-11-06 20:00:00,175,35.94,378.33
272,126,2023-11-06 16:00:00,101,50.95,566.3
273,117,2024-03-25 17:00:00,17,62.92,626.62
274,4,2024-01-01 11:00:00,38,67.55,701.74
275,65,2023-05-29 21:00:00,25,7.28,102.66
276,95,2024-05-30 08:00:00,144,37.65,301.73
277,78,2023-02-10 03:00:00,102,63.92,663.56
278,71,2023-07-05 01:00:00,142,42.92,564.66
279,118,2023-11-09 08:00:00,62,24.85,207.57
280,28,2023-11-15 13:00:00,75,34.83,486.39
281,50,2023-07-21 12:00:00,144,11.72,174.52
282,136,2023-03-31 17:00:00,128,49.63,647.67
283,43,2023-09-05 17:00:00,58,9.08,128.3
284,41,2023-12-24 11:00:00,44,71.89,793.23
285,16,2023-10-15 08:00:00,18,76.62,865.18
286,41,2023-03-24 14:00:00,156,47.51,381.38
287,82,2023-11-29 17:00:00,33,79.68,1113.05
288,13,2023-08-15 05:00:00,146,6.12,82.96
289,78,2024-03-13 23:00:00,114,55.79,630.07
290,140,2023-10-02 19:00:00,175,15.63,186.89
291,109,2023-08-16 14:00:00,177,50.55,542.15
292,60,2024-03-29 16:00:00,95,65.01,868.82
293,112,2024-04-18 01:00:00,71,47.58,458.54
294,141,2024-03-17 03:00:00,31,11.73,101.3
295,120,2024-04-16 00:00:00,142,64.23,753.9
296,14,2024-01-20 16:00:00,122,40.02,469.86
297,112,2023-05-08 06:00:00,171,62.11,728.63
298,6,2023-06-25 09:00:00,153,41.28,565.81
299,89,2023-05-31 12:00:00,160,39.61,341.06
300,1,2023-02-28 00:00:00,36,21.19,293.09
301,19,2024-02-06 20:00:00,153,62.42,896.19
302,82,2023-02-19 13:00:00,41,27.64,381.34
303,23,2024-07-08 10:00:00,125,47.34,459.18
304,89,2023-05-26 05:00:00,125,61.3,692.09
305,23,2024-03-14 13:00:00,134,39.96,380.73
306,78,2024-03-07 15:00:00,139,56.15,670.91
307,149,2023-09-16 15:00:00,172,32.96,296.96
308,95,2024-04-05 09:00:00,172,15.56,155.63
309,126,2023-08-25 23:00:00,84,36.73,333.68
310,142,2023-03-17 00:00:00,43,44.83,522.46
311,1,2024-06-24 05:00:00,80,47.08,627.71
312,76,2024-07-25 14:00:00,74,39.49,404.74
313,140,2024-08-02 22:00:00,64,59.79,692.97
314,101,2024-08-04 17:00:00,59,52.95,633.76
315,46,2024-07-08 13:00:00,124,66.92,640.51
316,41,2024-07-24 11:00:00,116,11.24,151.11
317,85,2023-06-13 13:00:00,54,58.81,564.94
318,29,2024-02-12 22:00:00,148,79.21,1184.41
319,85,2024-06-08 15:00:00,129,36.09,494.93
320,11,2024-02-05 00:00:00,161,69.43,1003.8
321,11,2024-08-11 13:00:00,82,12.57,183.94
322,127,2023-10-06 16:00:00,157,76.91,800.4
323,31,2023-02-06 05:00:00,155,22.52,291.98
324,88,2024-08-10 02:00:00,98,17.64,163.28
325,143,2023-08-20 11:00:00,80,67.51,608.19
326,67,2023-01-31 18:00:00,25,78.14,1101.89
327,127,2023-06-21 06:00:00,133,18.06,171.3
328,133,2024-03-14 14:00:00,97,46.92,475.94
329,51,2023-10-09 21:00:00,58,62.53,658.96
330,106,2023-11-20 01:00:00,166,67.22,893.9
331,67,2023-04-14 20:00:00,151,64.41,589.33
332,3,2024-04-29 04:00:00,53,76.27,1128.17
333,147,2023-09-12 12:00:00,171,76.34,833.96
334,99,2023-02-11 03:00:00,75,16.39,182.34
335,105,2023-11-19 04:00:00,151,26.24,375.86
336,72,2023-06-27 15:00:00,178,18.98,268.3
337,85,2024-01-21 03:00:00,91,25.9,316.49
338,76,2024-04-18 09:00:00,62,51.35,627.65
339,16,2023-02-12 13:00:00,91,22.82,204.82
340,60,2023-07-19 23:00:00,31,59.26,476.07
341,45,2023-06-09 06:00:00,158,41.68,404.6
342,118,2023-06-15 22:00:00,173,31.41,267.09
343,130,2024-03-28 00:00:00,134,56.13,456.18
344,123,2023-02-15 09:00:00,152,21.26,253.85
345,75,2024-02-16 18:00:00,167,37.92,506.18
346,91,2024-05-07 09:00:00,106,38.14,365.09
347,150,2024-07-31 03:00:00,104,41.49,485.16
348,127,2023-06-01 14:00:00,138,67.98,561.5
349,125,2024-05-05 23:00:00,99,65.54,598.62
350,11,2023-10-11 15:00:00,84,65.13,764.47
351,142,2023-11-02 07:00:00,144,10.96,142.31
352,109,2023-10-19 07:00:00,42,8.43,107.74
353,30,2024-02-09 00:00:00,73,18.84,177.61
354,69,2023-03-13 18:00:00,37,62.74,657.12
355,8,2023-01-27 13:00:00,27,8.63,70.27
356,58,2023-05-03 01:00:00,101,67.03,753.26
357,66,2023-05-11 11:00:00,157,43.25,445.21
358,98,2024-01-11 11:00:00,139,26.31,236.11
359,39,2023-08-12 03:00:00,69,20.49,253.26
360,4,2023-05-19 20:00:00,175,27.29,247.21
361,99,2023-10-21 00:00:00,142,12.59,116.02
362,103,2024-08-08 08:00:00,62,67.92,1005.24
363,54,2023-11-07 22:00:00,44,15.91,227.87
364,109,2023-02-14 18:00:00,161,31.24,265.1
365,120,2023-01-18 09:00:00,70,51.79,456.38
366,103,2024-03-29 05:00:00,150,13.1,174.35
367,138,2024-07-26 08:00:00,123,53.66,504.32
368,125,2024-05-18 06:00:00,42,8.13,70.26
369,140,2024-04-02 17:00:00,95,39.1,333.61
370,103,2023-12-25 23:00:00,16,35.38,453.28
371,142,2023-05-07 15:00:00,83,40.29,400.69
372,12,2023-10-27 06:00:00,75,67.12,587.92
373,9,2023-12-22 08:00:00,125,47.15,696.49
374,101,2024-03-20 07:00:00,103,44.41,474.96
375,25,2023-05-13 09:00:00,139,71.86,790.94
376,104,2023-08-20 21:00:00,65,39.69,526.07
377,45,2023-10-17 18:00:00,96,66.84,840.47
378,18,2024-06-09 01:00:00,107,70.35,1050.57
379,114,2024-01-20 13:00:00,77,69.35,993.81
380,35,2023-09-19 10:00:00,154,49.46,420.76
381,69,2023-07-02 17:00:00,164,45.92,516.53
382,121,2024-01-16 09:00:00,46,59.42,734.76
383,147,2023-04-11 18:00:00,58,52.44,595.6
384,54,2023-10-03 06:00:00,110,64.58,642.5
385,5,2023-08-09 02:00:00,50,65.07,556.95
386,90,2024-08-10 03:00:00,91,69.71,736.29
387,100,2023-06-03 01:00:00,58,71.76,1018.86
388,37,2024-02-08 03:00:00,84,33.5,413.81
389,110,2023-01-30 11:00:00,60,40.26,516.35
390,33,2023-05-06 12:00:00,167,60.1,635.21
391,111,2024-04-01 05:00:00,179,77.42,719.46
392,81,2024-03-12 03:00:00,27,46.34,519.73
393,95,2023-09-18 02:00:00,139,12.25,174.7
394,135,2023-03-05 16:00:00,30,54.31,598.04
395,14,2023-05-28 20:00:00,55,14.29,147.39
396,12,2023-09-30 02:00:00,132,21.37,313.74
397,12,2024-06-11 17:00:00,145,38.22,407.58
398,30,2024-07-09 06:00:00,121,66.02,687.77
399,98,2023-07-10 12:00:00,123,66.06,530.14
400,41,2024-01-12 04:00:00,88,63.42,860.41
401,20,2023-07-12 01:00:00,77,48.62,460.97
402,69,2023-02-24 12:00:00,52,54.61,651.65
403,135,2023-07-02 07:00:00,32,25.02,213.51
404,58,2023-08-27 09:00:00,123,15.24,141.13
405,92,2023-04-29 13:00:00,122,70.06,658.19
406,47,2024-08-17 06:00:00,85,62.95,697.45
407,137,2023-03-02 12:00:00,77,61.89,862.95
408,84,2023-03-12 11:00:00,136,14.37,137.85
409,82,2023-02-26 07:00:00,142,67.36,816.17
410,92,2023-05-01 09:00:00,75,17.38,174.02
411,42,2024-06-29 00:00:00,38,63.14,509.78
412,90,2024-06-05 01:00:00,17,14.07,172.71
413,33,2024-06-15 19:00:00,121,60.01,754.09
414,97,2023-11-05 23:00:00,31,54.34,767.91
415,16,2023-04-08 22:00:00,31,46.01,643.86
416,97,2024-05-17 23:00:00,80,49.7,708.93
417,12,2023-08-31 13:00:00,41,29.81,436.37
418,6,2023-11-01 20:00:00,125,45.15,414.81
419,120,2024-06-13 13:00:00,117,64.73,801.74
420,9,2024-05-12 06:00:00,16,8.89,121.23
421,31,2024-01-21 22:00:00,34,32.16,317.41
422,112,2023-09-18 09:00:00,37,55.12,644.72
423,34,2024-05-07 14:00:00,174,18.86,222.71
424,74,2023-07-05 00:00:00,17,50.19,518.35
425,135,2023-06-26 17:00:00,145,76.82,744.25
426,122,2024-08-16 04:00:00,51,36.83,343.58
427,46,2024-08-18 11:00:00,122,49.3,456.9
428,124,2023-09-14 04:00:00,27,21.23,243.61
429,47,2023-03-22 23:00:00,47,26.06,208.67
430,86,2023-06-28 16:00:00,62,27.17,304.02
431,117,2024-04-22 04:00:00,159,55.18,779.63
432,148,2024-03-27 13:00:00,114,23.97,254.89
433,102,2023-12-13 09:00:00,120,44.76,391.45
434,27,2024-06-29 19:00:00,112,36.93,440.78
435,107,2024-06-30 08:00:00,153,8.3,109.83
436,139,2024-01-02 01:00:00,80,28.72,255.14
437,25,2023-11-06 22:00:00,136,27.24,240.85
438,96,2024-07-31 18:00:00,150,41.91,477.57
439,58,2024-02-07 04:00:00,86,33.35,442.44
440,131,2023-01-09 17:00:00,175,38.5,399.74
441,83,2023-01-13 21:00:00,71,49.23,578.39
442,72,2023-05-23 03:00:00,47,40.76,529.22
443,31,2023-06-10 16:00:00,26,46.06,403.64
444,103,2023-12-04 08:00:00,98,18.19,234.79
445,62,2023-06-22 10:00:00,62,77.36,1028.78
446,103,2024-04-19 23:00:00,128,59.13,661.53
447,107,2023-06-15 09:00:00,179,65.99,682.16
448,73,2023-08-04 13:00:00,93,26.74,347.63
449,62,2024-01-13 11:00:00,139,27.93,228.66
450,70,2023-08-18 03:00:00,60,45.07,521.42
451,150,2024-05-07 12:00:00,57,42.19,413.03
452,66,2024-07-04 21:00:00,163,40.79,509.66
453,15,2023-06-15 03:00:00,23,31.98,370.8
454,98,2023-04-21 15:00:00,51,42.24,513.6
455,145,2023-07-10 10:00:00,150,64.66,523.78
456,75,2023-01-05 16:00:00,113,78.92,1048.88
457,49,2023-06-01 05:00:00,85,49.85,663.34
458,143,2023-02-26 02:00:00,103,19.05,196.99
459,88,2024-04-12 02:00:00,169,31.64,401.03
460,83,2023-03-23 07:00:00,22,63.2,923.13
461,34,2024-06-29 05:00:00,82,16.24,136.14
462,120,2023-12-18 02:00:00,85,9.23,107.86
463,18,2023-07-28 16:00:00,25,41.96,603.45
464,26,2024-02-19 14:00:00,44,74.64,1070.09
465,78,2023-03-11 06:00:00,72,28.75,304.45
466,128,2023-07-12 21:00:00,152,65.3,767.58
467,150,2024-07-28 19:00:00,143,70.67,688.93
468,72,2023-08-01 09:00:00,79,38.48,356.09
469,95,2023-05-23 22:00:00,27,54.63,567.71
470,150,2023-02-16 01:00:00,51,66.39,618.47
471,127,2023-09-17 18:00:00,21,21.62,204.61
472,121,2023-03-02 13:00:00,147,77.02,1049.58
473,31,2024-01-05 01:00:00,62,67.94,615.09
474,30,2023-06-06 20:00:00,31,6.49,59.89
475,73,2023-02-19 22:00:00,61,67.84,826.03
476,130,2023-05-08 07:00:00,24,39.48,442.2
477,122,2023-09-29 00:00:00,158,31.44,357.72
478,84,2024-07-16 10:00:00,118,70.2,674.14
479,9,2023-02-18 07:00:00,17,27.14,241.22
480,51,2024-01-12 23:00:00,175,14.3,159.09
481,4,2023-12-13 05:00:00,34,72.98,862.7
482,103,2024-08-19 03:00:00,25,60.38,694.51
483,124,2024-06-30 23:00:00,16,55.37,791.99
484,66,2023-11-16 06:00:00,173,19.66,194.94
485,68,2024-03-27 08:00:00,18,32.59,351.1
486,16,2023-06-11 21:00:00,178,55.44,518.73
487,67,2023-12-31 00:00:00,123,30.42,340.8
488,110,2024-06-01 17:00:00,138,66.15,794.44
489,125,2023-02-20 09:00:00,46,27.37,385.82
490,22,2024-06-14 14:00:00,132,50.91,410.35
491,150,2023-03-04 04:00:00,153,41.74,471.63
492,63,2024-05-20 16:00:00,172,24.52,202.16
493,20,2023-06-04 08:00:00,26,11.6,111.31
494,123,2023-01-29 04:00:00,169,35.91,513.2
495,6,2023-02-20 04:00:00,169,12.54,163.2
496,58,2024-02-24 03:00:00,66,60.7,722.75
497,46,2023-01-01 07:00:00,34,63.3,895.69
498,67,2023-12-15 17:00:00,129,33.85,449.09
499,47,2023-05-26 17:00:00,176,64.06,870.87
500,99,2023-07-18 11:00:00,143,56.69,516.17
501,134,2023-09-29 20:00:00,175,70.71,676.3
502,68,2023-07-24 14:00:00,170,24.92,291.94
503,147,2023-11-21 06:00:00,136,36.02,493.04
504,77,2023-04-21 08:00:00,170,67.98,617.72
505,147,2023-09-19 23:00:00,124,67.94,920.42
506,19,2023-05-13 05:00:00,58,26.56,261.92
507,60,2023-06-24 00:00:00,150,64.12,776.83
508,42,2024-07-03 18:00:00,152,45.36,474.41
509,112,2023-12-06 20:00:00,21,66.77,677.87
510,135,2024-08-10 03:00:00,113,57.36,610.96
511,31,2023-04-23 09:00:00,137,16.88,175.21
512,8,2023-04-06 10:00:00,43,27.46,237.58
513,78,2023-02-27 13:00:00,162,24.96,260.44
514,31,2024-01-21 11:00:00,180,40.41,343.56
515,1,2023-07-27 06:00:00,101,60.38,720.63
516,138,2023-02-20 14:00:00,88,15.69,156.21
517,80,2023-11-30 03:00:00,42,45.85,469.33
518,39,2023-05-12 12:00:00,166,73.89,680.93
519,88,2024-03-02 02:00:00,161,49.63,433.39
520,149,2023-03-14 02:00:00,141,76.6,665.24
521,135,2024-05-20 18:00:00,77,31.93,473.57
522,108,2024-06-12 02:00:00,92,29.64,320.57
523,142,2024-04-11 22:00:00,41,18.46,245.1
524,37,2023-01-06 18:00:00,106,20.75,261.82
525,79,2024-03-07 14:00:00,94,28.89,248.4
526,50,2023-12-15 14:00:00,81,36.68,429.75
527,60,2024-06-24 02:00:00,163,69.49,839.48
528,119,2024-01-04 08:00:00,84,74.85,840.11
529,41,2024-03-07 16:00:00,106,16.7,138.94
530,76,2023-10-09 06:00:00,76,54.84,646.87
531,29,2023-10-05 05:00:00,118,37.17,429.68
532,40,2023-01-10 06:00:00,25,47.56,484.87
533,10,2024-01-08 06:00:00,96,58.77,585.97
534,142,2023-05-14 06:00:00,121,42.81,406.77
535,63,2023-09-10 18:00:00,100,74.5,1021.33
536,93,2024-02-26 14:00:00,26,17.7,231.02
537,76,2024-07-29 08:00:00,160,22.49,240.27
538,131,2023-02-13 07:00:00,106,11.4,106.37
539,59,2023-04-19 15:00:00,31,40.45,388.3
540,111,2023-11-26 18:00:00,81,14.33,169.63
541,111,2024-02-15 07:00:00,69,37.27,351.99
542,132,2023-01-19 05:00:00,111,25.58,234.26
543,133,2023-08-27 21:00:00,64,8.76,115.03
544,150,2023-01-09 11:00:00,142,17.25,144.67
545,18,2024-08-14 15:00:00,83,11.22,95.01
546,30,2023-08-01 22:00:00,106,60.89,800.62
547,25,2023-01-01 21:00:00,117,46.03,402.21
548,72,2023-05-09 03:00:00,149,24.13,359.09
549,17,2023-01-05 06:00:00,164,16.48,134.92
550,23,2023-06-18 04:00:00,40,62.5,573.87
551,54,2023-02-14 04:00:00,131,11.24,168.15
552,42,2024-04-27 14:00:00,15,39.23,463.23
553,18,2023-06-15 21:00:00,118,35.56,358.7
554,32,2024-07-27 03:00:00,15,36.24,432.09
555,131,2024-01-20 10:00:00,94,49.5,609.83
556,2,2024-03-12 09:00:00,34,25.29,244.83
557,94,2023-02-15 04:00:00,168,37.3,544.96
558,71,2024-05-23 04:00:00,170,27.88,296.97
559,44,2023-07-14 11:00:00,37,57.36,715.9
560,73,2023-08-24 06:00:00,41,73.15,976.23
561,118,2023-04-25 23:00:00,119,62.69,855.39
562,52,2023-12-08 02:00:00,69,43.06,390.57
563,134,2024-08-04 22:00:00,130,51.08,459.84
564,34,2023-09-08 14:00:00,150,34.0,488.03
565,11,2024-06-16 08:00:00,143,34.52,283.73
566,30,2024-08-21 21:00:00,170,6.02,58.72
567,138,2023-09-03 07:00:00,174,54.27,618.32
568,30,2023-08-16 03:00:00,153,47.78,427.57
569,16,2023-07-13 03:00:00,80,75.45,758.44
570,133,2023-12-21 14:00:00,39,27.76,304.52
571,79,2024-06-13 08:00:00,113,77.3,1096.7
572,8,2023-06-01 05:00:00,146,59.9,665.73
573,84,2023-07-07 06:00:00,163,35.82,471.74
574,48,2024-05-30 08:00:00,110,46.8,472.99
575,39,2023-06-01 09:00:00,42,39.83,491.04
576,42,2024-07-04 08:00:00,99,43.97,382.86
577,132,2023-01-12 10:00:00,77,16.42,213.73
578,56,2024-04-07 21:00:00,134,19.4,223.64
579,98,2024-07-09 07:00:00,119,17.55,168.11
580,92,2023-04-24 16:00:00,119,53.25,751.61
581,77,2024-06-26 20:00:00,57,73.92,654.71
582,76,2023-03-24 00:00:00,52,33.25,413.49
583,123,2024-05-20 09:00:00,83,9.85,146.11
584,56,2023-06-19 07:00:00,180,47.22,541.41
585,44,2023-05-30 23:00:00,71,14.47,117.19
586,69,2024-05-28 06:00:00,160,9.04,102.78
587,51,2024-06-19 22:00:00,172,32.89,359.34
588,111,2023-01-15 07:00:00,137,36.21,307.39
589,100,2023-04-19 03:00:00,41,7.73,71.65
590,4,2024-02-03 16:00:00,34,19.77,278.18
591,17,2023-03-24 01:00:00,143,14.72,161.82
592,100,2024-01-10 19:00:00,125,70.75,931.6
593,110,2023-01-21 16:00:00,71,74.92,1015.13
594,110,2023-05-12 02:00:00,37,72.91,693.05
595,137,2024-08-11 10:00:00,69,52.58,741.15
596,84,2024-08-01 05:00:00,55,9.47,138.76
597,80,2023-04-20 12:00:00,121,72.21,646.64
598,54,2023-05-02 18:00:00,149,48.31,532.94
599,122,2024-03-10 12:00:00,135,75.59,909.99
600,66,2024-08-07 02:00:00,100,39.41,415.28
601,76,2023-10-23 04:00:00,95,74.11,1004.87
602,26,2023-12-12 23:00:00,96,25.58,305.69
603,138,2023-10-19 15:00:00,165,53.61,700.02
604,124,2024-05-27 11:00:00,104,58.29,856.4
605,20,2023-01-26 10:00:00,134,62.3,532.05
606,108,2023-12-23 02:00:00,83,74.15,729.99
607,98,2023-05-19 07:00:00,103,51.14,467.42
608,115,2024-01-14 19:00:00,104,55.27,651.93
609,38,2023-04-10 20:00:00,138,23.14,315.04
610,121,2023-08-02 04:00:00,142,74.23,801.66
611,29,2024-04-02 09:00:00,161,75.8,752.47
612,92,2023-11-21 17:00:00,171,7.88,104.39
613,27,2023-11-19 08:00:00,34,73.02,832.05
614,120,2024-01-31 15:00:00,168,69.09,669.46
615,121,2024-07-14 12:00:00,23,71.68,927.95
616,148,2023-05-09 12:00:00,55,21.21,283.67
617,79,2024-07-10 23:00:00,48,66.57,563.67
618,20,2023-06-23 09:00:00,133,63.26,615.34
619,77,2024-02-23 13:00:00,70,54.52,469.17
620,70,2024-02-19 06:00:00,49,15.24,189.39
621,45,2023-07-30 22:00:00,75,19.52,212.96
622,150,2024-03-25 15:00:00,168,57.63,855.38
623,50,2024-05-28 09:00:00,99,24.5,308.26
624,74,2024-04-15 23:00:00,115,53.95,752.73
625,40,2024-04-29 16:00:00,130,59.16,696.44
626,135,2023-01-25 01:00:00,177,49.78,512.5
627,101,2024-07-05 15:00:00,86,45.58,616.64
628,118,2024-03-04 21:00:00,108,45.58,610.23
629,55,2024-07-25 07:00:00,78,46.97,462.94
630,127,2024-02-27 20:00:00,49,64.13,687.45
631,91,2024-04-10 08:00:00,126,67.01,590.35
632,35,2023-12-07 06:00:00,30,12.7,123.53
633,105,2023-07-24 06:00:00,66,71.27,788.35
634,42,2023-12-04 08:00:00,135,44.47,450.06
635,91,2023-01-28 15:00:00,168,49.81,680.68
636,137,2023-12-09 23:00:00,15,32.12,415.19
637,51,2023-10-21 03:00:00,168,51.26,636.88
638,38,2024-04-30 09:00:00,93,7.45,65.91
639,59,2024-02-08 14:00:00,165,43.56,489.48
640,115,2023-03-06 15:00:00,163,34.22,463.52
641,21,2024-07-24 20:00:00,25,71.3,697.41
642,138,2023-07-21 23:00:00,150,36.5,347.27
643,5,2024-06-19 03:00:00,84,27.67,287.28
644,106,2023-08-31 05:00:00,153,29.55,329.94
645,96,2023-05-24 06:00:00,178,50.67,464.19
646,7,2023-11-19 08:00:00,75,69.13,829.63
647,149,2024-07-20 15:00:00,93,79.8,944.32
648,92,2024-04-29 07:00:00,24,49.41,535.24
649,2,2023-09-25 10:00:00,31,12.4,178.95
650,78,2023-01-14 13:00:00,21,35.05,355.89
651,92,2023-03-12 18:00:00,141,24.15,250.91
652,7,2024-04-02 01:00:00,49,73.83,931.67
653,39,2023-04-18 00:00:00,118,23.69,305.92
654,99,2023-06-01 19:00:00,26,43.24,490.38
655,42,2023-07-06 22:00:00,157,32.86,439.23
656,146,2023-09-24 09:00:00,72,41.19,365.78
657,100,2024-01-02 07:00:00,55,12.26,138.21
658,130,2023-07-23 16:00:00,81,22.66,261.57
659,83,2023-08-01 20:00:00,116,50.25,658.3
660,24,2024-04-13 21:00:00,40,48.11,623.29
661,37,2023-11-03 09:00:00,101,79.49,1066.69
662,42,2023-01-29 21:00:00,79,63.42,556.35
663,45,2024-03-31 19:00:00,78,16.22,223.58
664,13,2023-01-13 17:00:00,118,49.04,698.28
665,58,2024-03-30 02:00:00,96,67.65,739.47
666,91,2023-08-28 14:00:00,95,17.68,174.62
667,34,2023-03-03 08:00:00,108,53.57,663.82
668,87,2023-10-19 17:00:00,54,45.24,444.74
669,68,2024-03-05 08:00:00,26,36.95,385.25
670,57,2023-04-14 10:00:00,76,64.45,602.84
671,142,2023-04-29 12:00:00,108,74.16,794.95
672,83,2023-04-02 06:00:00,19,29.27,311.13
673,36,2023-10-14 18:00:00,80,49.38,405.57
674,125,2023-07-05 03:00:00,64,58.74,769.35
675,104,2023-02-01 06:00:00,33,67.36,785.84
676,38,2024-08-08 03:00:00,77,44.09,650.27
677,35,2023-01-24 05:00:00,148,9.47,137.3
678,96,2024-06-20 10:00:00,169,15.76,132.67
679,25,2024-08-18 12:00:00,123,22.32,181.93
680,106,2024-07-16 12:00:00,164,21.44,315.29
681,110,2023-12-20 17:00:00,161,34.74,392.72
682,106,2024-01-07 12:00:00,102,9.14,104.84
683,43,2023-11-01 11:00:00,180,68.5,931.62
684,75,2024-06-03 22:00:00,52,76.51,739.62
685,67,2023-11-11 09:00:00,146,40.71,330.27
686,59,2024-04-11 02:00:00,157,73.24,1029.8
687,37,2023-10-13 22:00:00,141,53.35,729.21
688,119,2023-08-16 04:00:00,180,49.36,458.24
689,6,2023-01-16 04:00:00,124,39.66,472.78
690,74,2023-04-16 23:00:00,20,78.42,1051.87
691,118,2024-07-05 15:00:00,131,63.74,788.98
692,107,2023-04-08 08:00:00,82,44.7,467.42
693,54,2023-08-26 12:00:00,167,35.51,396.9
694,28,2024-05-03 23:00:00,118,46.11,559.3
695,105,2024-06-02 09:00:00,85,15.17,209.58
696,87,2024-08-01 08:00:00,133,19.2,251.58
697,53,2023-05-03 07:00:00,155,42.14,595.54
698,58,2024-03-27 06:00:00,137,6.98,79.86
699,66,2024-05-14 09:00:00,135,6.18,80.07
700,49,2024-07-15 07:00:00,162,16.18,169.93
701,102,2023-10-01 01:00:00,111,79.67,693.81
702,55,2023-06-07 06:00:00,130,49.96,578.42
703,33,2024-06-07 21:00:00,148,42.29,502.29
704,140,2023-10-02 13:00:00,76,78.42,683.22
705,56,2024-04-25 19:00:00,113,26.06,298.72
706,4,2023-02-11 18:00:00,27,77.82,741.9
707,1,2023-10-14 14:00:00,60,13.26,173.22
708,13,2024-07-05 21:00:00,162,37.99,314.52
709,36,2023-01-18 21:00:00,145,31.27,371.71
710,32,2023-07-13 00:00:00,114,66.76,964.0
711,103,2023-03-27 17:00:00,137,65.47,901.85
712,53,2024-05-06 16:00:00,107,60.32,898.13
713,149,2023-08-01 00:00:00,37,27.38,370.92
714,145,2023-10-09 22:00:00,163,59.01,485.15
715,83,2023-01-31 21:00:00,46,79.0,1153.49
716,108,2024-06-20 14:00:00,172,38.38,345.8
717,38,2023-05-24 00:00:00,42,76.66,939.98
718,16,2023-11-22 10:00:00,128,23.65,281.04
719,114,2023-08-19 07:00:00,39,37.88,493.65
720,72,2023-12-05 20:00:00,45,14.78,187.06
721,124,2023-08-27 20:00:00,30,43.04,517.57
722,121,2023-09-29 10:00:00,96,14.52,150.74
723,129,2024-06-05 20:00:00,72,23.38,221.47
724,143,2023-03-28 05:00:00,55,18.56,273.97
725,92,2023-10-06 03:00:00,128,52.83,685.63
726,85,2023-09-12 21:00:00,41,6.27,81.91
727,55,2023-09-02 04:00:00,80,40.35,481.96
728,92,2024-07-10 13:00:00,93,25.76,302.69
729,103,2024-04-23 17:00:00,36,62.78,918.22
730,139,2024-01-13 12:00:00,178,56.19,675.27
731,30,2024-08-19 14:00:00,113,66.72,546.4
732,113,2024-02-07 20:00:00,23,67.2,940.78
733,145,2024-04-12 16:00:00,95,60.29,875.83
734,92,2024-05-14 08:00:00,106,33.59,302.05
735,21,2023-10-19 06:00:00,32,58.36,488.92
736,120,2023-07-21 03:00:00,42,71.45,1053.37
737,111,2024-03-28 01:00:00,112,44.15,440.48
738,13,2023-06-24 13:00:00,85,22.33,317.14
739,35,2023-04-14 22:00:00,129,56.6,782.69
740,22,2023-02-21 07:00:00,157,28.08,332.0
741,136,2023-01-19 19:00:00,17,19.74,258.49
742,19,2024-04-12 00:00:00,84,78.13,848.96
743,50,2024-04-12 05:00:00,32,33.37,323.49
744,86,2023-10-05 18:00:00,52,54.03,745.58
745,122,2024-03-15 03:00:00,21,13.05,118.46
746,135,2023-06-07 05:00:00,175,69.64,668.64
747,114,2023-05-10 07:00:00,25,68.08,699.1
748,132,2023-11-01 23:00:00,79,32.05,390.91
749,71,2024-01-07 11:00:00,20,73.95,1030.91
750,78,2024-02-16 12:00:00,148,49.1,618.05
751,118,2023-11-09 19:00:00,60,48.16,418.86
752,107,2023-03-06 21:00:00,74,70.58,1007.64
753,6,2023-08-28 23:00:00,45,42.24,351.12
754,64,2023-09-23 03:00:00,86,53.89,808.19
755,108,2023-11-14 11:00:00,105,63.53,633.75
756,122,2024-05-01 18:00:00,173,62.03,871.2
757,22,2023-12-17 06:00:00,60,65.68,728.66
758,127,2024-02-22 11:00:00,50,15.56,125.74
759,104,2023-05-12 10:00:00,40,25.91,251.22
760,3,2023-07-31 21:00:00,36,60.09,752.02
761,73,2024-06-02 19:00:00,24,43.47,394.41
762,87,2024-08-14 19:00:00,22,58.36,761.47
763,150,2024-06-01 07:00:00,154,67.72,1014.79
764,23,2023-07-29 23:00:00,160,77.84,635.9
765,102,2023-04-01 18:00:00,165,66.83,586.41
766,67,2023-06-08 20:00:00,20,12.58,137.34
767,68,2023-11-02 18:00:00,178,25.5,366.51
768,68,2023-08-05 22:00:00,88,31.08,291.75
769,16,2023-02-09 06:00:00,125,20.29,177.46
770,73,2023-10-21 01:00:00,68,34.41,482.35
771,150,2024-08-13 17:00:00,164,79.9,945.91
772,62,2023-04-14 03:00:00,167,34.96,483.72
773,131,2024-04-21 23:00:00,111,7.06,104.54
774,101,2023-03-16 04:00:00,159,68.66,641.93
775,149,2023-01-30 13:00:00,124,35.82,531.14
776,73,2023-05-17 08:00:00,84,57.9,819.91
777,58,2024-01-28 03:00:00,163,69.6,980.01
778,63,2024-04-19 03:00:00,33,47.85,592.39
779,84,2023-08-15 22:00:00,71,47.34,679.79
780,55,2024-05-26 13:00:00,54,23.51,188.98
781,109,2024-04-24 21:00:00,176,24.62,234.73
782,123,2023-08-19 03:00:00,127,57.92,639.13
783,29,2024-08-18 17:00:00,172,5.39,62.29
784,66,2024-05-30 07:00:00,135,71.46,1018.43
785,135,2023-11-08 05:00:00,17,70.64,660.53
786,133,2023-04-07 13:00:00,163,52.06,586.67
787,106,2024-02-09 12:00:00,165,52.81,626.63
788,30,2024-05-18 12:00:00,54,43.77,498.01
789,84,2023-02-07 05:00:00,33,68.82,778.66
790,125,2024-02-05 05:00:00,18,46.98,582.83
791,120,2023-07-08 12:00:00,87,12.97,192.47
792,77,2023-10-17 00:00:00,30,45.16,486.2
793,103,2024-01-08 04:00:00,64,67.24,681.51
794,99,2023-01-19 03:00:00,175,26.49,317.79
795,96,2024-01-19 11:00:00,148,60.98,499.69
796,70,2023-12-11 08:00:00,90,48.27,591.11
797,103,2023-02-16 14:00:00,119,11.3,136.91
798,118,2023-12-12 00:00:00,104,68.25,600.02
799,18,2024-07-24 21:00:00,88,11.33,119.84
800,21,2023-08-29 16:00:00,57,55.75,599.54
801,59,2024-07-10 11:00:00,23,52.64,672.76
802,140,2023-02-21 07:00:00,101,40.51,434.33
803,119,2024-01-09 19:00:00,30,66.63,683.35
804,117,2024-04-28 20:00:00,70,30.2,262.19
805,80,2023-01-31 15:00:00,81,52.17,471.32
806,16,2024-04-06 21:00:00,116,35.87,373.22
807,149,2024-05-14 08:00:00,16,63.66,668.56
808,46,2024-06-12 18:00:00,116,69.4,739.44
809,59,2024-03-02 01:00:00,20,23.22,212.17
810,52,2024-03-05 20:00:00,173,58.77,490.33
811,123,2024-03-26 06:00:00,112,75.33,727.56
812,45,2024-07-04 05:00:00,170,38.59,311.27
813,136,2023-11-10 11:00:00,92,64.76,940.89
814,63,2023-08-12 22:00:00,125,42.87,370.39
815,54,2024-06-07 04:00:00,144,34.55,393.47
816,108,2023-05-01 06:00:00,122,69.36,1030.03
817,99,2023-05-14 13:00:00,60,30.8,324.07
818,49,2024-04-29 10:00:00,51,40.08,423.29
819,27,2023-11-19 17:00:00,131,76.81,939.35
820,73,2023-07-27 22:00:00,91,63.81,953.56
821,5,2024-04-08 09:00:00,120,77.08,672.51
822,13,2023-02-24 15:00:00,70,34.65,311.85
823,68,2024-08-19 09:00:00,164,62.77,510.07
824,90,2023-12-08 18:00:00,142,36.36,389.94
825,2,2024-08-20 08:00:00,152,35.58,471.9
826,12,2024-01-15 21:00:00,134,7.57,95.95
827,14,2024-01-30 10:00:00,67,9.97,127.43
828,57,2023-05-16 06:00:00,96,44.84,620.44
829,120,2024-06-25 18:00:00,144,18.18,266.29
830,50,2023-06-28 15:00:00,29,72.65,691.22
831,48,2024-01-25 15:00:00,45,31.15,457.86
832,93,2023-06-30 03:00:00,28,26.32,312.15
833,115,2023-07-22 14:00:00,59,73.14,905.68
834,72,2024-02-11 09:00:00,58,53.14,433.29
835,67,2023-08-02 03:00:00,26,14.22,193.1
836,79,2024-07-29 15:00:00,124,76.15,704.18
837,108,2024-06-22 19:00:00,179,59.88,867.81
838,31,2024-02-24 01:00:00,179,46.19,569.94
839,49,2023-10-20 00:00:00,119,54.14,537.22
840,92,2023-03-23 05:00:00,120,62.45,845.35
841,79,2024-08-15 01:00:00,53,7.52,71.27
842,8,2024-02-12 11:00:00,178,42.1,384.69
843,105,2023-02-12 07:00:00,173,69.4,738.09
844,2,2023-08-21 08:00:00,38,28.67,425.05
845,72,2024-06-29 19:00:00,158,17.69,187.39
846,76,2023-01-01 08:00:00,34,70.19,964.63
847,38,2023-02-21 19:00:00,123,12.07,173.3
848,120,2024-06-03 21:00:00,77,55.03,667.4
849,37,2023-04-26 19:00:00,100,43.67,390.74
850,118,2023-04-06 04:00:00,111,76.58,1096.75
851,55,2023-07-17 05:00:00,149,24.52,198.43
852,103,2023-09-13 10:00:00,63,41.74,548.06
853,96,2023-11-02 07:00:00,123,34.5,514.95
854,95,2023-09-17 06:00:00,68,40.05,530.46
855,101,2023-03-28 15:00:00,15,48.56,449.85
856,92,2023-03-27 08:00:00,36,12.49,155.93
857,53,2024-08-09 05:00:00,29,50.62,656.71
858,2,2024-02-02 22:00:00,157,9.14,132.33
859,120,2024-06-03 05:00:00,98,5.58,76.74
860,145,2023-06-13 23:00:00,171,33.99,391.78
861,27,2024-06-22 06:00:00,167,32.27,352.33
862,21,2024-03-14 21:00:00,99,66.18,612.26
863,97,2023-10-17 16:00:00,58,21.94,289.79
864,8,2023-03-26 13:00:00,25,53.95,657.92
865,39,2024-07-21 02:00:00,58,16.45,152.79
866,119,2023-04-05 02:00:00,88,68.16,743.97
867,32,2024-07-07 04:00:00,114,54.44,649.56
868,131,2024-05-09 00:00:00,65,9.66,131.31
869,64,2024-01-14 14:00:00,19,23.87,352.09
870,28,2023-05-01 05:00:00,98,67.63,960.01
871,144,2024-02-26 01:00:00,49,13.46,113.26
872,92,2023-02-04 03:00:00,142,11.19,145.01
873,109,2023-09-29 10:00:00,144,49.61,671.03
874,57,2024-07-13 23:00:00,103,21.92,244.63
875,127,2024-03-30 08:00:00,162,46.26,494.36
876,36,2023-06-16 07:00:00,158,62.51,503.55
877,35,2024-01-10 21:00:00,75,49.57,429.73
878,56,2024-07-02 19:00:00,83,58.25,527.61
879,87,2024-02-17 12:00:00,33,73.58,1013.87
880,111,2023-03-22 15:00:00,107,62.18,787.5
881,44,2024-07-01 13:00:00,171,17.43,212.09
882,129,2024-05-08 16:00:00,119,58.0,491.28
883,103,2024-02-17 06:00:00,33,18.34,147.59
884,62,2023-04-01 10:00:00,150,24.62,251.13
885,65,2024-04-23 00:00:00,180,40.39,562.92
886,53,2024-01-06 22:00:00,88,9.76,140.39
887,89,2023-09-03 13:00:00,157,60.43,842.19
888,141,2024-05-11 01:00:00,39,48.1,387.15
889,85,2024-04-25 10:00:00,161,51.64,610.56
890,17,2024-04-09 14:00:00,165,38.92,474.65
891,31,2023-02-24 22:00:00,52,49.71,575.03
892,68,2024-07-05 08:00:00,15,35.54,292.29
893,2,2023-01-28 05:00:00,147,60.64,534.09
894,133,2024-02-17 20:00:00,30,62.41,615.31
895,136,2024-02-22 15:00:00,129,22.0,300.53
896,136,2023-10-12 06:00:00,32,28.75,427.46
897,25,2023-01-01 15:00:00,95,25.98,382.1
898,118,2024-07-08 09:00:00,106,20.09,297.46
899,28,2023-03-07 02:00:00,34,30.86,345.84
900,71,2024-03-23 07:00:00,178,9.59,80.29
901,63,2024-06-24 10:00:00,47,71.4,628.95
902,54,2023-06-30 23:00:00,125,43.17,633.14
903,64,2023-03-23 08:00:00,43,38.53,320.23
904,69,2023-04-02 07:00:00,141,49.33,609.99
905,20,2023-06-29 06:00:00,114,59.25,641.6
906,46,2023-05-27 22:00:00,86,10.26,120.93
907,141,2024-05-21 11:00:00,52,59.82,721.33
908,21,2023-01-26 01:00:00,96,79.19,987.0
909,90,2023-04-11 11:00:00,123,63.23,934.57
910,64,2024-01-12 04:00:00,46,47.22,607.83
911,138,2024-01-03 16:00:00,68,49.57,449.54
912,59,2023-02-18 08:00:00,140,37.72,443.27
913,60,2023-10-27 22:00:00,77,72.24,996.0
914,67,2023-07-13 10:00:00,22,65.68,581.75
915,34,2024-02-14 06:00:00,146,28.26,307.29
916,96,2023-06-01 21:00:00,105,78.73,919.72
917,118,2024-05-08 07:00:00,140,50.86,636.02
918,79,2024-06-22 21:00:00,104,69.48,872.68
919,128,2023-12-07 22:00:00,113,70.46,689.64
920,48,2023-05-05 10:00:00,144,72.99,672.08
921,40,2024-07-03 08:00:00,126,42.45,349.69
922,12,2023-06-17 15:00:00,142,54.3,468.47
923,120,2024-04-09 11:00:00,168,14.79,129.77
924,45,2023-07-02 07:00:00,122,36.02,512.38
925,136,2023-03-05 14:00:00,179,27.84,334.6
926,88,2023-01-24 20:00:00,44,26.96,334.94
927,137,2024-01-05 19:00:00,173,53.73,662.87
928,18,2023-06-30 14:00:00,16,60.12,661.88
929,3,2024-05-23 00:00:00,110,45.65,473.37
930,78,2023-02-01 05:00:00,58,7.25,95.54
931,119,2024-05-28 08:00:00,58,26.0,354.52
932,79,2024-01-17 19:00:00,49,66.18,972.92
933,34,2024-04-15 09:00:00,55,31.51,410.97
934,148,2023-01-26 21:00:00,129,7.69,79.66
935,24,2023-10-13 17:00:00,97,44.64,453.43
936,85,2024-04-12 13:00:00,94,68.67,795.22
937,115,2023-06-10 04:00:00,114,63.8,750.4
938,150,2023-08-29 09:00:00,86,69.24,857.5
939,113,2023-01-04 15:00:00,132,30.04,324.04
940,88,2024-08-20 14:00:00,110,60.29,635.44
941,10,2024-05-07 20:00:00,139,74.87,835.55
942,36,2024-03-15 14:00:00,126,64.01,516.37
943,28,2023-06-10 21:00:00,18,54.48,552.43
944,68,2024-07-05 19:00:00,159,8.62,94.75
945,51,2023-01-28 10:00:00,76,33.25,318.52
946,57,2024-07-08 23:00:00,165,79.87,918.6
947,119,2023-02-22 21:00:00,63,27.38,309.46
948,88,2023-10-09 09:00:00,46,17.87,225.97
949,49,2023-11-07 09:00:00,101,67.88,932.16
950,20,2023-06-17 08:00:00,70,60.87,811.53
951,10,2024-04-03 15:00:00,42,48.89,398.9
952,73,2024-06-09 15:00:00,136,69.29,992.56
953,97,2024-04-01 13:00:00,26,20.4,210.77
954,66,2023-06-28 10:00:00,179,16.38,202.51
955,37,2024-06-21 00:00:00,33,16.97,244.63
956,87,2023-09-28 07:00:00,45,17.59,166.01
957,91,2024-03-25 12:00:00,126,15.18,222.34
958,30,2023-05-17 07:00:00,60,23.09,288.36
959,96,2024-03-26 08:00:00,117,50.66,619.52
960,39,2023-06-28 14:00:00,155,14.25,145.16
961,47,2023-04-15 11:00:00,31,29.82,416.95
962,140,2024-05-10 11:00:00,174,79.25,1075.45
963,46,2024-06-14 06:00:00,21,34.73,395.45
964,62,2024-07-25 11:00:00,143,75.74,857.94
965,13,2024-07-23 02:00:00,106,73.05,715.9
966,60,2023-07-02 07:00:00,76,56.89,629.68
967,34,2023-05-16 09:00:00,153,69.37,872.95
968,29,2024-05-02 04:00:00,104,5.75,65.54
969,134,2023-05-26 07:00:00,68,38.34,365.75
970,144,2024-06-09 10:00:00,41,18.81,244.25
971,102,2023-11-15 14:00:00,20,60.63,611.98
972,118,2024-01-18 14:00:00,45,67.69,749.67
973,129,2024-01-11 02:00:00,51,71.33,795.1
974,65,2023-11-25 22:00:00,57,63.9,523.28
975,64,2023-05-14 10:00:00,125,58.22,583.46
976,23,2024-01-14 05:00:00,53,62.43,878.04
977,46,2023-07-10 04:00:00,52,20.97,184.99
978,106,2023-11-23 04:00:00,45,39.0,477.14
979,141,2023-10-07 06:00:00,35,48.99,588.18
980,13,2024-07-27 17:00:00,34,7.72,109.84
981,39,2023-01-02 21:00:00,119,5.95,53.03
982,132,2024-06-22 08:00:00,82,44.97,528.97
983,34,2023-01-14 06:00:00,79,14.21,128.09
984,114,2023-07-05 02:00:00,153,53.13,497.73
985,117,2023-09-02 16:00:00,114,46.32,624.14
986,38,2023-10-02 11:00:00,21,18.14,270.58
987,145,2023-01-29 16:00:00,127,39.21,481.84
988,3,2023-03-18 16:00:00,78,24.48,225.27
989,3,2024-01-15 15:00:00,145,25.08,217.24
990,29,2023-06-19 02:00:00,170,23.32,200.69
991,4,2024-03-11 19:00:00,180,26.44,342.55
992,117,2024-03-31 04:00:00,40,66.28,616.7
993,10,2023-08-05 05:00:00,70,13.34,107.91
994,42,2023-12-19 12:00:00,61,52.57,613.74
995,106,2023-03-01 18:00:00,155,47.75,514.73
996,57,2024-02-07 02:00:00,110,49.15,602.51
997,140,2023-12-08 03:00:00,68,33.06,412.77
998,96,2024-02-02 13:00:00,29,60.07,515.17
999,58,2023-04-29 14:00:00,66,52.67,467.46
1000,73,2024-08-14 13:00:00,63,72.44,1012.6
